date,home,away,fthg,ftag,ftr,home_shots,away_shots,home_sot,away_sot,home_corners,away_corners,home_elo,away_elo,elo_diff,home_form5,away_form5,home_gf5,away_gf5,home_ga5,away_ga5
2025-08-22,West Ham,Chelsea,1,5,A,12,12,4,7,7,5,1491.7099735734362,1498.2900264265638,-6.580052853127654,0.0,1.0,0.0,0.0,3.0,0.0
2025-08-23,Arsenal,Leeds,5,0,H,18,3,5,1,2,2,1511.7099735734362,1508.2900264265638,3.419947146872346,3.0,3.0,1.0,1.0,0.0,0.0
2025-08-23,Burnley,Sunderland,2,0,H,7,9,2,1,4,3,1491.7099735734362,1508.2900264265638,-16.580052853127654,0.0,3.0,0.0,3.0,3.0,0.0
2025-08-23,Man City,Tottenham,0,2,A,10,12,4,5,7,2,1511.7099735734362,1508.2900264265638,3.419947146872346,3.0,3.0,4.0,3.0,0.0,0.0
2025-08-23,Bournemouth,Wolves,1,0,H,14,6,4,1,8,3,1491.7099735734362,1488.2900264265638,3.419947146872346,0.0,0.0,2.0,0.0,4.0,4.0
2025-08-23,Brentford,Aston Villa,1,0,H,9,17,2,2,2,9,1491.7099735734362,1498.2900264265638,-6.580052853127654,0.0,1.0,1.0,0.0,3.0,0.0
2025-08-24,Crystal Palace,Nott'm Forest,1,1,D,8,9,4,1,1,3,1501.7099735734362,1508.2900264265638,-6.580052853127654,1.0,3.0,0.0,3.0,0.0,1.0
2025-08-24,Everton,Brighton,2,0,H,11,13,3,4,2,2,1491.7099735734362,1498.2900264265638,-6.580052853127654,0.0,1.0,0.0,1.0,1.0,1.0
2025-08-24,Fulham,Man United,1,1,D,13,10,4,3,9,6,1501.7099735734362,1488.2900264265638,13.419947146872346,1.0,0.0,1.0,0.0,1.0,1.0
2025-08-25,Newcastle,Liverpool,2,3,A,10,5,3,4,7,1,1501.7099735734362,1508.2900264265638,-6.580052853127654,1.0,3.0,0.0,4.0,0.0,2.0
2025-08-30,Wolves,Everton,2,3,A,12,10,4,4,2,2,1480.095392127625,1500.1844266049966,-20.08903447737157,0.0,3.0,0.0,1.0,2.5,0.5
2025-08-30,Leeds,Newcastle,0,0,D,10,8,1,2,5,5,1500.095392127625,1490.1844266049966,9.91096552262843,3.0,1.0,0.5,1.0,2.5,1.5
2025-08-30,Tottenham,Bournemouth,0,1,A,5,20,1,6,0,8,1520.095392127625,1499.904607872375,20.190784255250037,6.0,3.0,2.5,1.5,0.0,2.0
2025-08-30,Man United,Burnley,3,2,H,26,6,6,3,7,1,1490.3723186655702,1500.4667127899224,-10.09439412435222,1.0,3.0,0.5,1.0,1.0,1.5
2025-08-30,Chelsea,Fulham,2,0,H,13,11,6,3,6,4,1509.8155733950034,1499.6276813344298,10.187892060573631,4.0,2.0,2.5,1.0,0.5,1.0
2025-08-30,Sunderland,Brentford,2,1,H,12,7,3,4,3,4,1499.5332872100776,1500.1844266049966,-0.6511393949190278,3.0,3.0,1.5,1.0,1.0,1.5
2025-08-31,Brighton,Man City,2,1,H,12,12,7,3,3,2,1489.8155733950034,1499.904607872375,-10.08903447737157,1.0,3.0,0.5,2.0,1.5,1.0
2025-08-31,Nott'm Forest,West Ham,0,3,A,11,12,3,8,9,7,1509.8155733950034,1480.1844266049966,29.631146790006824,4.0,0.0,2.0,0.5,1.0,4.0
2025-08-31,Liverpool,Arsenal,1,0,H,9,11,3,1,3,8,1519.8155733950034,1519.904607872375,-0.08903447737156966,6.0,6.0,3.5,3.0,2.0,0.0
2025-08-31,Aston Villa,Crystal Palace,0,3,A,13,6,4,4,10,1,1489.8155733950034,1500.1844266049966,-10.368853209993176,1.0,2.0,0.0,0.5,0.5,0.5
2025-09-13,Everton,Aston Villa,0,0,D,20,7,2,1,10,3,1511.3281302567,1478.3967121981066,32.93141805859341,6.0,1.0,1.6666666666666667,0.0,1.0,1.3333333333333333
2025-09-13,Arsenal,Nott'm Forest,3,0,H,16,5,5,1,8,4,1511.6120936498,1497.2915291912204,14.32056445857961,6.0,4.0,2.0,1.3333333333333333,0.3333333333333333,1.6666666666666667
2025-09-13,Bournemouth,Brighton,2,1,H,13,6,5,2,4,4,1512.17255369116,1498.3888214080496,13.78373228311034,6.0,4.0,1.3333333333333333,1.0,1.3333333333333333,1.3333333333333333
2025-09-13,Crystal Palace,Sunderland,0,0,D,14,6,6,0,5,3,1511.6032878018934,1507.841512748563,3.761775053330439,5.0,6.0,1.3333333333333333,1.6666666666666667,0.3333333333333333,1.0
2025-09-13,Fulham,Leeds,1,0,H,5,10,3,3,3,3,1491.6208109610563,1498.1099176651996,-6.489106704143296,2.0,4.0,0.6666666666666666,0.3333333333333333,1.3333333333333333,1.6666666666666667
2025-09-13,Newcastle,Wolves,1,0,H,16,8,4,3,10,4,1492.169901067422,1468.9516884759216,23.218212591500333,2.0,0.0,0.6666666666666666,0.6666666666666666,1.0,2.6666666666666665
2025-09-13,West Ham,Tottenham,0,3,A,7,14,4,5,2,13,1492.7084708087796,1507.82744630884,-15.118975500060515,3.0,6.0,1.3333333333333333,1.6666666666666667,2.6666666666666665,0.3333333333333333
2025-09-13,Brentford,Chelsea,2,2,D,7,16,4,6,5,6,1491.8762010665112,1517.8224437683768,-25.946242701865685,3.0,7.0,1.0,2.3333333333333335,1.6666666666666667,0.3333333333333333
2025-09-14,Burnley,Liverpool,0,1,A,3,27,0,4,1,13,1491.8933136537144,1528.1080876175783,-36.21477396386399,3.0,9.0,1.3333333333333333,2.6666666666666665,2.0,1.3333333333333333
2025-09-14,Man City,Man United,3,0,H,13,12,6,2,2,4,1491.3313598593288,1498.9457178017783,-7.614357942449487,3.0,4.0,1.6666666666666667,1.3333333333333333,1.3333333333333333,1.3333333333333333
2025-09-20,Wolves,Leeds,1,3,A,16,6,6,4,4,0,1461.30212365447,1489.6380212518923,-28.335897597422218,0.0,4.0,0.5,0.25,2.25,1.5
2025-09-20,Man United,Chelsea,2,1,H,11,5,4,1,5,5,1490.4421747795686,1518.799462998522,-28.357288218953272,4.0,8.0,1.0,2.25,1.75,0.75
2025-09-20,West Ham,Crystal Palace,1,2,A,8,18,3,3,8,8,1481.423828732959,1509.7884058700624,-28.364577137103424,3.0,6.0,1.0,1.0,2.75,0.25
2025-09-20,Fulham,Brentford,3,1,H,14,8,3,3,2,10,1500.0927073743637,1490.899181836366,9.19352553799763,5.0,4.0,0.75,1.25,1.0,1.75
2025-09-20,Brighton,Tottenham,2,2,D,12,11,4,3,2,10,1490.4811280397983,1519.1120883846606,-28.630960344862388,4.0,9.0,1.0,2.0,1.5,0.25
2025-09-20,Liverpool,Everton,2,1,H,11,9,3,2,5,4,1538.791613962645,1508.7153635839811,30.07625037866387,12.0,7.0,2.25,1.25,1.0,0.75
2025-09-20,Burnley,Nott'm Forest,1,1,D,12,17,5,8,4,5,1481.2097873086477,1489.3986058906826,-8.188818582034855,3.0,4.0,1.0,1.0,1.75,2.0
2025-09-21,Bournemouth,Newcastle,0,0,D,11,4,2,1,5,2,1520.0802470594112,1499.8194658888735,20.26078117053771,9.0,5.0,1.5,0.75,1.25,0.75
2025-09-21,Sunderland,Aston Villa,1,1,D,14,12,4,2,6,5,1509.656394680394,1481.0094788708254,28.646915809568554,7.0,2.0,1.25,0.0,0.75,1.0
2025-09-21,Arsenal,Man City,1,1,D,12,5,3,3,11,2,1519.505016950338,1499.8349028815385,19.67011406879942,9.0,6.0,2.25,2.0,0.25,1.0
2025-09-27,Tottenham,Wolves,1,1,D,10,9,3,3,10,9,1520.012516546632,1450.3932724055217,69.61924414111036,10.0,0.0,2.0,0.6,0.6,2.4
2025-09-27,Man City,Burnley,5,1,H,21,9,8,2,10,2,1502.0886286066711,1479.7294983563486,22.35913025032255,7.0,4.0,1.8,1.0,1.0,1.6
2025-09-27,Leeds,Bournemouth,2,2,D,19,12,8,5,7,4,1500.5468725008407,1517.8103902810867,-17.263517780246048,7.0,10.0,0.8,1.2,1.4,1.0
2025-09-27,Nott'm Forest,Sunderland,0,1,A,22,11,6,3,7,4,1490.8788948429817,1507.158893080645,-16.27999823766322,5.0,8.0,1.0,1.2,1.8,0.8
2025-09-27,Chelsea,Brighton,1,3,A,13,12,3,3,5,7,1509.7077036579885,1489.5806998778269,20.127003780161658,8.0,5.0,2.0,1.2,1.0,1.6
2025-09-27,Brentford,Man United,3,1,H,10,14,8,6,4,2,1482.8648126376027,1499.533934120102,-16.66912148249935,4.0,7.0,1.2,1.2,2.0,1.6
2025-09-27,Crystal Palace,Liverpool,2,1,H,16,20,7,4,2,6,1520.6964384677801,1546.255578701883,-25.55914023410287,9.0,15.0,1.2,2.2,0.4,1.0
2025-09-28,Aston Villa,Fulham,3,1,H,9,11,4,4,2,8,1483.5069804705745,1508.1270765731272,-24.62009610255268,3.0,8.0,0.2,1.2,1.0,1.0
2025-09-28,Newcastle,Arsenal,1,2,A,8,20,3,7,7,12,1502.089322667198,1517.2512912252053,-15.161968558007175,6.0,10.0,0.6,2.0,0.6,0.4
2025-09-29,Everton,West Ham,1,1,D,12,14,6,3,3,5,1501.251398844743,1470.5157961352413,30.73560270950179,7.0,3.0,1.2,1.0,1.0,2.6
2025-10-03,Bournemouth,Fulham,3,1,H,11,12,6,4,4,3,1519.0342787147536,1499.1418867400484,19.892391974705106,11.0,7.0,1.2,1.2,0.6,1.4
2025-10-04,Leeds,Tottenham,1,2,A,16,9,4,3,4,1,1499.3229840671738,1516.4457392467345,-17.122755179560727,5.0,8.0,1.0,1.6,1.8,0.8
2025-10-04,Arsenal,West Ham,2,0,H,21,4,5,0,8,3,1528.5347162635383,1473.0695799731716,55.46513629036667,10.0,4.0,2.2,1.2,0.6,2.2
2025-10-04,Man United,Sunderland,2,0,H,15,8,6,3,2,3,1490.7746708475127,1518.4106557247094,-27.635984877196734,7.0,8.0,1.4,0.8,2.0,0.8
2025-10-04,Chelsea,Liverpool,2,1,H,12,12,6,2,7,2,1497.4414992381057,1537.243632075981,-39.802132837875206,7.0,12.0,2.2,1.6,1.6,1.0
2025-10-05,Brentford,Man City,0,1,A,6,10,1,4,3,2,1491.624075910192,1509.7615673222963,-18.137491412104282,7.0,7.0,1.6,2.0,1.6,1.2
2025-10-05,Newcastle,Nott'm Forest,2,0,H,18,5,9,4,8,1,1490.805897628865,1479.6271321989173,11.178765429947816,5.0,2.0,0.8,0.4,1.0,1.8
2025-10-05,Wolves,Brighton,1,1,D,6,17,3,6,2,8,1453.9600497054191,1501.8469042977097,-47.88685459229055,1.0,7.0,0.8,1.6,1.8,1.6
2025-10-05,Aston Villa,Burnley,2,1,H,15,5,7,2,6,4,1492.4921703036532,1472.0565596407234,20.435610662929776,5.0,4.0,0.8,1.2,1.2,2.0
2025-10-05,Everton,Crystal Palace,2,1,H,14,15,7,8,2,4,1498.6976150068128,1529.7083850936822,-31.010770086869343,8.0,11.0,1.4,1.6,1.0,0.6
2025-10-18,Nott'm Forest,Chelsea,0,3,A,12,17,2,6,5,2,1471.6476328598815,1506.8608119021053,-35.21317904222383,1.0,7.0,0.2,1.6,2.0,1.6
2025-10-18,Brighton,Newcastle,2,1,H,13,16,5,3,8,4,1502.1954074545026,1498.7853969679009,3.4100104866017773,8.0,8.0,1.8,0.8,1.4,0.4
2025-10-18,Burnley,Leeds,2,0,H,4,19,3,4,1,5,1464.3311886097872,1488.0951050454123,-23.763916435625106,1.0,5.0,1.0,1.2,2.4,1.2
2025-10-18,Crystal Palace,Bournemouth,3,3,D,20,8,7,5,6,5,1520.5408313088672,1526.774481149188,-6.2336498403208225,10.0,11.0,1.6,1.6,0.8,0.8
2025-10-18,Man City,Everton,2,0,H,19,5,7,1,11,3,1520.960669991493,1507.8651687916279,13.095501199865112,10.0,8.0,2.2,1.4,0.8,1.2
2025-10-18,Sunderland,Wolves,2,0,H,8,16,2,3,3,2,1509.3394819961568,1453.6115465486262,55.727935447530626,8.0,2.0,0.8,1.0,0.8,1.8
2025-10-18,Fulham,Arsenal,0,1,A,9,16,0,5,6,10,1491.401684305614,1535.3285397288487,-43.926855423234656,6.0,10.0,1.2,1.6,1.8,0.6
2025-10-19,Tottenham,Aston Villa,1,2,A,9,8,3,2,6,6,1527.673618268496,1500.2175413345894,27.456076933906616,8.0,8.0,1.6,1.2,1.0,1.2
2025-10-19,Liverpool,Man United,1,2,A,19,12,6,4,9,4,1527.8243194119814,1499.8458445760652,27.97847483591613,9.0,9.0,1.2,1.6,1.0,1.8
2025-10-20,West Ham,Brentford,0,2,A,7,22,1,7,6,10,1466.2757565078612,1480.4249732409953,-14.149216733134153,4.0,4.0,1.0,1.4,1.6,1.8
2025-10-24,Leeds,West Ham,2,1,H,13,9,5,3,3,4,1479.134298115417,1454.963673073462,24.17062504195519,4.0,1.0,1.2,0.4,1.6,2.0
2025-10-25,Chelsea,Sunderland,1,2,A,16,10,7,4,9,1,1517.5730260461883,1516.1265206836026,1.4465053625856399,7.0,8.0,1.8,0.8,1.6,0.6
2025-10-25,Newcastle,Fulham,2,1,H,18,12,7,5,4,3,1490.5904859891907,1480.939391768362,9.651094220828782,7.0,6.0,1.0,1.2,0.8,1.6
2025-10-25,Man United,Brighton,4,2,H,13,17,9,5,1,6,1512.3252983009777,1510.3903184332128,1.9349798677649233,9.0,8.0,1.4,1.8,1.6,1.4
2025-10-25,Brentford,Liverpool,3,2,H,17,18,8,5,5,4,1491.7370566753946,1515.344865687069,-23.607809011674362,7.0,6.0,1.6,1.2,1.4,1.4
2025-10-26,Arsenal,Crystal Palace,1,0,H,10,7,3,1,4,3,1545.7908322661008,1519.005547582147,26.785284683953705,13.0,8.0,1.8,1.6,0.4,1.4
2025-10-26,Aston Villa,Man City,1,0,H,9,18,3,4,5,6,1512.6828783428039,1528.8873128889543,-16.204434546150424,11.0,13.0,1.6,2.4,0.8,0.4
2025-10-26,Bournemouth,Nott'm Forest,2,0,H,13,8,5,4,6,4,1528.309764875908,1460.9354187157985,67.37434616010955,9.0,1.0,2.0,0.2,1.4,2.0
2025-10-26,Wolves,Burnley,2,3,A,15,11,7,7,5,3,1446.8245078611803,1473.2919955397824,-26.467487678602083,2.0,4.0,0.6,1.0,1.6,1.8
2025-10-26,Everton,Tottenham,0,3,A,12,7,2,4,9,8,1499.9385258941666,1515.2082812602816,-15.269755366115078,5.0,8.0,0.8,1.8,1.2,1.2
2025-11-01,Liverpool,Aston Villa,2,0,H,16,10,4,3,1,4,1506.3885031597556,1521.42897493787,-15.040471778114352,3.0,13.0,1.4,1.8,2.0,0.8
2025-11-01,Tottenham,Chelsea,0,1,A,3,15,1,9,6,5,1526.4886549248429,1505.822665063384,20.66598986145891,8.0,6.0,1.8,1.6,1.2,1.6
2025-11-01,Nott'm Forest,Man United,2,2,D,17,18,3,7,8,5,1454.4456732281797,1520.5613120013759,-66.11563877319622,1.0,12.0,0.2,2.2,1.8,1.4
2025-11-01,Fulham,Wolves,3,0,H,19,5,6,2,10,1,1472.9176803254556,1435.86235022454,37.055330100915626,3.0,2.0,1.2,1.0,2.0,2.0
2025-11-01,Crystal Palace,Brentford,2,0,H,9,6,2,2,6,5,1511.4527424793534,1500.693419202708,10.759323276645546,7.0,9.0,1.6,1.8,1.6,1.4
2025-11-01,Burnley,Arsenal,0,2,A,3,12,0,8,1,6,1484.2541531764227,1553.3436373688944,-69.08948419247167,7.0,13.0,1.6,1.4,2.0,0.4
2025-11-01,Brighton,Leeds,3,0,H,14,5,7,2,4,7,1502.1543047328146,1486.7579814671021,15.396323265712454,8.0,7.0,2.0,1.6,1.8,1.6
2025-11-02,West Ham,Newcastle,3,1,H,15,12,9,4,7,6,1447.3399897217769,1498.612197432097,-51.27220771032012,1.0,7.0,0.6,1.2,1.8,1.0
2025-11-02,Man City,Bournemouth,3,1,H,15,8,8,5,10,4,1520.1412162938882,1534.799510363527,-14.658294069638714,10.0,9.0,1.8,2.0,0.6,1.2
2025-11-03,Sunderland,Everton,1,1,D,17,8,3,2,4,1,1527.876881666407,1488.6581522296053,39.218729436801596,10.0,4.0,1.2,0.8,0.8,1.8
2025-11-08,Tottenham,Man United,2,2,D,10,5,4,2,5,3,1514.2077391343798,1520.3853079451815,-6.177568810801631,7.0,10.0,1.4,2.2,1.0,1.6
2025-11-08,Everton,Fulham,2,0,H,14,8,5,4,7,5,1491.4387170251737,1480.1946678221927,11.244049202980932,5.0,3.0,0.8,1.2,1.6,1.8
2025-11-08,West Ham,Burnley,3,2,H,15,16,6,7,7,4,1457.0888364939403,1474.515709891666,-17.426873397725558,4.0,6.0,1.0,1.4,1.6,2.2
2025-11-08,Sunderland,Arsenal,2,2,D,6,17,2,7,2,2,1525.0963168708386,1563.0820806536512,-37.98576378281268,10.0,15.0,1.2,1.6,0.8,0.2
2025-11-08,Chelsea,Wolves,3,0,H,20,3,8,0,10,1,1518.103580853847,1428.585362727803,89.51821812604408,9.0,2.0,1.6,0.8,1.2,2.0
2025-11-09,Man City,Liverpool,3,0,H,14,7,6,1,7,7,1528.843535791058,1515.1016389186832,13.74189687237481,12.0,3.0,2.2,1.4,0.6,1.8
2025-11-09,Nott'm Forest,Leeds,3,1,H,14,10,6,3,6,4,1454.621677284374,1478.8946269295034,-24.2729496451293,1.0,4.0,0.4,1.0,2.0,2.0
2025-11-09,Aston Villa,Bournemouth,4,0,H,16,13,8,4,6,9,1512.7158391789424,1526.097190866357,-13.381351687414735,12.0,8.0,1.6,2.2,1.0,1.8
2025-11-09,Brentford,Newcastle,3,1,H,15,5,7,1,6,2,1492.702337379564,1488.8633506599335,3.838986719630384,9.0,6.0,1.6,1.4,1.2,1.6
2025-11-09,Crystal Palace,Brighton,0,0,D,10,7,2,3,4,8,1519.4438243024974,1510.0176592704133,9.4261650320841,7.0,10.0,1.6,2.2,1.4,1.4
2025-11-22,Wolves,Crystal Palace,0,2,A,8,10,1,4,1,4,1422.6414839021884,1517.4717571563622,-94.83027325417379,1.0,5.0,0.6,1.2,2.4,1.2
2025-11-22,Burnley,Chelsea,0,2,A,8,15,2,5,1,9,1465.7349667342207,1524.0474596794616,-58.31249294524082,6.0,12.0,1.6,2.0,1.8,0.6
2025-11-22,Bournemouth,West Ham,2,2,D,28,5,10,2,9,2,1517.4309884198153,1465.8695796513855,51.56140876842983,7.0,6.0,1.8,1.4,2.2,1.8
2025-11-22,Brighton,Brentford,2,1,H,14,10,5,4,7,4,1511.9897264165486,1500.8853064030866,11.104420013462004,8.0,9.0,1.6,1.6,1.2,1.2
2025-11-22,Fulham,Sunderland,1,0,H,24,4,6,2,7,4,1472.2169707232824,1524.4635428026065,-52.246572079324096,3.0,8.0,1.0,1.4,1.6,1.2
2025-11-22,Liverpool,Nott'm Forest,0,3,A,21,15,4,7,8,6,1507.192794114838,1463.5969793433717,43.595814771466394,3.0,4.0,1.2,1.0,2.0,2.0
2025-11-22,Newcastle,Man City,2,1,H,9,17,5,4,5,9,1480.6803816364109,1536.7523805949031,-56.07199895849226,6.0,12.0,1.4,1.8,1.8,0.4
2025-11-23,Arsenal,Tottenham,4,1,H,17,3,8,2,4,1,1563.7148547218833,1512.670879351822,51.04397537006139,13.0,7.0,1.6,1.6,0.4,1.2
2025-11-23,Leeds,Aston Villa,1,2,A,14,14,5,3,3,3,1469.9193248705058,1521.3820416254841,-51.46271675497837,3.0,12.0,0.8,1.8,2.2,0.8
2025-11-24,Man United,Everton,0,1,A,25,3,6,1,9,1,1521.9221677277394,1499.416414124084,22.50575360365542,11.0,7.0,2.4,1.0,1.4,1.4
2025-11-29,Brentford,Burnley,3,1,H,14,6,4,2,5,6,1492.9037544992789,1455.6863967587974,37.217357740481475,9.0,6.0,1.8,1.4,1.4,1.8
2025-11-29,Man City,Leeds,3,2,H,18,9,9,4,8,1,1526.865432736259,1459.673651549918,67.1917811863409,9.0,3.0,1.8,0.8,0.8,2.2
2025-11-29,Sunderland,Bournemouth,3,2,H,12,18,6,6,6,3,1514.6866673587158,1514.3259804391823,0.3606869195334639,8.0,5.0,1.4,1.6,1.0,2.4
2025-11-29,Everton,Newcastle,1,4,A,10,13,2,8,8,7,1511.7474666449366,1490.567329495055,21.180137149881602,7.0,6.0,0.8,1.4,1.2,2.0
2025-11-29,Tottenham,Fulham,1,2,A,14,7,2,3,8,2,1505.7624240247662,1481.9938461671732,23.768577857593073,4.0,6.0,1.4,1.0,1.8,1.0
2025-11-30,West Ham,Liverpool,0,2,A,7,9,0,5,7,2,1468.9745876320185,1494.29639896051,-25.32181132849155,7.0,3.0,1.8,1.0,1.8,2.2
2025-11-30,Crystal Palace,Man United,1,2,A,14,14,3,6,4,4,1526.4726062149273,1509.5911152068868,16.881491008040484,8.0,8.0,1.4,2.0,0.8,1.6
2025-11-30,Aston Villa,Wolves,1,0,H,16,9,6,4,7,3,1531.6277149460718,1413.6406348436233,117.98708010244854,12.0,0.0,1.8,0.4,0.8,2.6
2025-11-30,Nott'm Forest,Brighton,0,2,A,19,17,3,6,9,2,1476.4933744976997,1519.9712783203563,-43.47790382265657,7.0,10.0,1.6,1.8,1.6,1.2
2025-11-30,Chelsea,Arsenal,1,1,D,11,8,4,4,3,3,1534.096029654885,1570.623310048939,-36.52728039405406,12.0,13.0,2.0,2.0,0.4,0.6
2025-12-02,Newcastle,Tottenham,2,2,D,19,8,7,2,11,8,1502.8622689948188,1493.397028774477,9.465240220341911,9.0,4.0,2.0,1.4,1.8,1.8
2025-12-02,Bournemouth,Everton,0,1,A,5,13,2,3,1,6,1506.046030071103,1499.4525271451728,6.5935029259301245,4.0,7.0,1.4,1.0,2.4,1.6
2025-12-02,Fulham,Man City,4,5,A,12,11,6,4,7,2,1494.3592414174625,1533.3597862446702,-39.000544827207705,9.0,9.0,1.4,2.0,1.0,1.2
2025-12-03,Liverpool,Sunderland,1,1,D,23,9,4,6,7,3,1505.291216065675,1522.9666177267952,-17.675401661120304,6.0,8.0,1.2,1.6,1.8,1.4
2025-12-03,Arsenal,Brentford,2,0,H,15,6,7,1,4,8,1571.2978832116614,1500.176424805531,71.12145840613039,11.0,9.0,2.0,2.0,0.8,1.6
2025-12-03,Brighton,Aston Villa,3,4,A,16,14,7,10,5,6,1530.4464643301176,1536.910455174209,-6.463990844091313,10.0,12.0,1.8,1.6,1.0,0.6
2025-12-03,Burnley,Crystal Palace,0,1,A,11,3,4,3,3,4,1448.4137264525452,1514.2952031517666,-65.88147669922137,3.0,7.0,1.2,1.0,2.4,0.6
2025-12-03,Wolves,Nott'm Forest,0,1,A,5,10,1,3,3,9,1408.3578946154862,1466.0181884879385,-57.66029387245226,0.0,7.0,0.4,1.6,2.4,1.4
2025-12-03,Leeds,Chelsea,3,1,H,17,14,5,2,4,2,1453.1792980415069,1533.4214564921624,-80.24215845065555,3.0,10.0,1.2,1.6,2.4,0.6
2025-12-04,Man United,West Ham,1,1,D,17,11,4,3,6,6,1521.7685182700475,1457.9797705268536,63.78874774319388,8.0,7.0,2.0,1.8,1.6,1.8
2025-12-06,Tottenham,Brentford,2,0,H,15,4,7,1,7,6,1495.370176831825,1493.7808803725743,1.5892964592505905,2.0,6.0,1.2,1.4,2.2,1.6
2025-12-06,Leeds,Liverpool,3,3,D,12,16,5,7,5,4,1463.7612558752376,1504.079006716171,-40.31775084093351,3.0,7.0,1.4,1.0,2.4,1.4
2025-12-06,Newcastle,Burnley,2,1,H,17,9,7,3,9,9,1500.8891209374708,1438.5829927913687,62.30612814610208,7.0,0.0,2.0,0.6,2.0,2.2
2025-12-06,Aston Villa,Arsenal,2,1,H,15,15,6,9,3,3,1548.439264765395,1577.6934276446182,-29.25416287922326,12.0,11.0,2.2,2.2,1.2,0.8
2025-12-06,Everton,Nott'm Forest,3,0,H,11,7,5,3,6,3,1511.3461100347838,1476.0855296256166,35.26058040916723,10.0,10.0,1.2,1.8,1.0,1.0
2025-12-06,Bournemouth,Chelsea,0,0,D,13,11,5,4,5,0,1494.1524471814919,1522.8394986584317,-28.687051476939814,1.0,10.0,1.0,1.6,2.6,0.8
2025-12-06,Man City,Sunderland,3,0,H,18,8,6,1,6,5,1543.9634642205094,1524.178827076299,19.784637144210365,12.0,6.0,3.0,1.4,1.8,1.4
2025-12-07,Brighton,West Ham,1,1,D,22,14,4,5,10,6,1518.9176547389316,1461.3992138793287,57.51844085960283,10.0,8.0,2.0,1.8,1.0,1.6
2025-12-07,Fulham,Crystal Palace,1,2,A,12,11,4,5,6,4,1483.7555634416233,1524.125936812943,-40.37037337131983,9.0,10.0,2.0,1.2,1.6,0.4
2025-12-08,Wolves,Man United,1,4,A,8,27,2,10,1,9,1398.290553477808,1518.3490749175724,-120.05852143976426,0.0,6.0,0.0,1.4,2.0,1.4
2025-12-13,Burnley,Fulham,2,3,A,16,6,8,4,10,4,1431.9646976893152,1473.1911777669427,-41.22648007762746,0.0,6.0,0.8,1.6,2.2,2.0
2025-12-13,Arsenal,Wolves,2,1,H,16,3,2,2,8,0,1568.576061170494,1390.0021621350652,178.5738990354289,8.0,0.0,2.0,0.2,1.2,2.2
2025-12-13,Chelsea,Everton,2,0,H,17,11,5,2,4,7,1523.7383254539302,1518.670991257403,5.067334196527099,8.0,12.0,1.4,1.6,0.8,0.8
2025-12-13,Liverpool,Brighton,2,0,H,18,14,4,1,2,2,1504.644902151642,1515.658555350261,-11.01365319861884,5.0,8.0,1.2,1.6,2.0,1.2
2025-12-14,Crystal Palace,Man City,0,3,A,16,7,4,6,2,2,1534.6903224876237,1551.7066099140293,-17.016287426405597,10.0,12.0,1.2,3.0,0.6,1.6
2025-12-14,Nott'm Forest,Tottenham,3,0,H,15,6,6,1,3,3,1468.7606484029973,1503.6158321940225,-34.85518379102518,9.0,5.0,1.4,1.6,1.2,2.0
2025-12-14,Sunderland,Newcastle,1,0,H,5,6,1,2,3,6,1516.4356813827792,1507.5074160395243,8.928265343254907,5.0,10.0,1.2,2.2,1.8,1.6
2025-12-14,West Ham,Aston Villa,2,3,A,10,7,3,4,5,3,1464.6583132679993,1557.556631239519,-92.89831797151965,6.0,15.0,1.4,2.6,1.6,1.0
2025-12-14,Brentford,Leeds,1,1,D,7,18,2,4,0,3,1485.5352250103767,1463.1953604397665,22.33986457061019,6.0,4.0,1.4,2.0,1.6,2.4
2025-12-15,Man United,Bournemouth,4,4,D,25,14,9,9,5,4,1526.6374662603153,1493.2536203859934,33.38384587432188,8.0,2.0,1.8,0.8,1.2,2.0
2025-12-20,Leeds,Crystal Palace,4,1,H,20,9,8,3,9,5,1465.5218972344874,1523.4594253926316,-57.93752815814423,5.0,9.0,2.0,1.2,2.0,1.2
2025-12-20,Everton,Arsenal,0,1,A,5,13,1,2,2,3,1510.5221875551576,1572.617670601498,-62.095483046340405,9.0,10.0,1.2,2.0,1.2,1.0
2025-12-20,Wolves,Brentford,0,2,A,9,7,2,6,3,4,1385.9605527040612,1483.208688215656,-97.24813551159468,0.0,4.0,0.4,1.0,2.0,1.6
2025-12-20,Tottenham,Liverpool,1,2,A,15,8,4,4,2,6,1494.3382972472245,1513.2442309388748,-18.90593369165026,4.0,8.0,1.2,1.6,2.2,1.4
2025-12-20,Brighton,Sunderland,0,0,D,16,14,4,6,3,4,1507.0592265630282,1524.4773914977204,-17.418164934692186,7.0,7.0,1.6,1.0,1.6,1.4
2025-12-20,Bournemouth,Burnley,1,1,D,16,4,1,1,5,3,1495.8785158967441,1421.424877624559,74.45363827218512,3.0,0.0,1.6,0.8,2.0,2.2
2025-12-20,Newcastle,Chelsea,2,2,D,11,13,5,4,6,4,1499.465705924583,1531.8871291561757,-32.4214232315926,10.0,8.0,2.0,1.2,1.2,0.8
2025-12-20,Man City,West Ham,3,0,H,17,7,8,3,6,0,1562.9375070090214,1455.602383149341,107.33512385968038,12.0,3.0,3.0,1.2,1.6,1.8
2025-12-21,Aston Villa,Man United,2,1,H,12,15,4,6,5,5,1566.6125613581773,1524.0125707495645,42.59999060861287,15.0,8.0,2.4,2.2,1.4,1.6
2025-12-22,Fulham,Nott'm Forest,1,0,H,11,12,1,2,1,5,1483.730997831699,1478.0381833497952,5.692814481903724,9.0,9.0,2.2,1.4,2.0,1.0
2025-12-26,Man United,Newcastle,1,0,H,10,16,4,3,2,11,1516.8826865317412,1498.673593624069,18.20909290767213,8.0,8.0,2.4,2.0,1.8,1.4
2025-12-27,Chelsea,Aston Villa,1,2,A,14,11,3,8,6,7,1532.6792414566896,1573.7424455760006,-41.06320411931097,6.0,15.0,1.2,2.4,1.2,1.4
2025-12-27,West Ham,Fulham,0,1,A,11,15,2,4,5,4,1450.0778574978724,1491.8624215170462,-41.784564019173786,2.0,9.0,0.8,2.2,2.0,2.0
2025-12-27,Burnley,Everton,0,0,D,16,15,0,6,6,5,1425.1124905734164,1500.582499674161,-75.47000910074462,1.0,6.0,1.0,1.0,2.0,1.4
2025-12-27,Liverpool,Wolves,2,1,H,14,9,4,4,6,4,1524.4215283304118,1377.0285515967387,147.3929767336731,11.0,0.0,2.0,0.4,1.0,2.0
2025-12-27,Arsenal,Brighton,2,1,H,24,8,6,3,7,2,1582.5573584824947,1505.8397227976402,76.71763568485449,10.0,5.0,1.4,1.2,0.8,1.4
2025-12-27,Nott'm Forest,Man City,1,2,A,7,16,2,5,5,5,1469.906759664448,1568.46203266049,-98.55527299604205,6.0,15.0,0.8,3.4,1.2,1.2
2025-12-27,Brentford,Bournemouth,4,1,H,15,20,7,10,2,15,1492.1406893229785,1492.1909029478868,-0.050213624908337806,7.0,3.0,1.2,1.4,1.2,1.8
2025-12-28,Sunderland,Leeds,1,1,D,8,17,3,6,3,9,1525.6968952631084,1475.4625352203057,50.23436004280279,8.0,8.0,1.0,2.6,1.2,1.8
2025-12-28,Crystal Palace,Tottenham,0,1,A,15,8,2,4,3,2,1513.5187874068133,1483.1609998556876,30.35778755112574,6.0,4.0,1.0,1.2,2.0,1.8
2025-12-30,Man United,Wolves,1,1,D,15,11,6,4,8,4,1524.6689140884378,1372.3771299163732,152.29178417206458,8.0,0.0,2.2,0.6,1.6,2.2
2025-12-30,Burnley,Newcastle,1,3,A,15,20,4,9,3,4,1425.5574592033724,1490.8873660673726,-65.32990686400012,2.0,5.0,0.8,1.2,1.4,1.4
2025-12-30,Chelsea,Bournemouth,2,2,D,17,17,3,6,12,3,1522.134735745795,1483.8994734820235,38.235262263771574,5.0,3.0,1.2,1.2,1.4,2.0
2025-12-30,Nott'm Forest,Everton,0,2,A,21,11,6,3,9,2,1461.0119367546183,1500.137531044205,-39.125594289586616,6.0,7.0,1.0,0.8,1.2,0.6
2025-12-30,West Ham,Brighton,2,2,D,10,16,4,6,5,5,1439.554054946947,1499.5835018751575,-60.02944692821052,2.0,2.0,0.8,1.0,1.8,1.8
2025-12-30,Arsenal,Aston Villa,4,1,H,22,11,7,3,3,3,1588.8135794049774,1584.2869512868951,4.526628118082272,12.0,15.0,1.6,2.6,0.8,1.6
2026-01-01,Brentford,Tottenham,0,0,D,7,9,2,3,3,1,1500.4321187888418,1495.7046156870356,4.727503101806178,7.0,7.0,1.4,1.2,1.2,1.4
2026-01-01,Sunderland,Man City,0,0,D,10,14,4,4,3,5,1522.6264411673444,1577.3568555703196,-54.73041440297516,6.0,15.0,0.6,3.2,1.0,1.0
2026-01-01,Crystal Palace,Fulham,1,1,D,11,17,2,5,6,3,1500.9751715754653,1502.3862240679716,-1.4110524925063146,6.0,9.0,0.8,2.0,1.8,1.8
2026-01-01,Liverpool,Leeds,0,0,D,19,4,4,2,8,3,1529.0729500107773,1478.5329893160697,50.53996069470759,11.0,9.0,2.0,2.4,1.2,1.4
2026-01-03,Aston Villa,Nott'm Forest,3,1,H,11,10,4,5,4,4,1576.123113818596,1450.411844952886,125.71126886571005,12.0,3.0,2.0,0.8,1.8,1.6
2026-01-03,Brighton,Burnley,2,0,H,15,5,4,3,4,4,1499.5826543244355,1415.710854221526,83.87180010290945,3.0,2.0,0.8,1.0,1.4,1.8
2026-01-03,Wolves,West Ham,3,0,H,11,6,8,0,6,7,1377.8256112188767,1439.554902497669,-61.72929127879229,1.0,2.0,0.8,1.0,2.2,2.0
2026-01-03,Bournemouth,Arsenal,2,3,A,15,12,3,5,7,5,1486.653899839217,1596.9774168732765,-110.32351703405948,4.0,12.0,1.6,2.0,2.2,1.0
2026-01-04,Leeds,Man United,1,1,D,11,15,3,2,6,4,1481.6114079031402,1519.2204327859342,-37.609024882794074,7.0,8.0,1.8,2.2,1.2,1.6
2026-01-04,Everton,Brentford,2,4,A,14,11,6,7,4,5,1510.7376228459373,1498.590370131808,12.147252714129309,7.0,8.0,1.0,1.4,0.6,0.8
2026-01-04,Newcastle,Crystal Palace,2,0,H,12,11,7,1,8,6,1500.733971049219,1499.3046510013498,1.4293200478691688,7.0,4.0,1.4,0.8,1.2,2.0
2026-01-04,Tottenham,Sunderland,1,1,D,13,10,5,3,3,5,1497.5463643440694,1522.4747819308977,-24.928417586828346,7.0,6.0,0.8,0.4,1.0,0.8
2026-01-04,Fulham,Liverpool,2,2,D,8,10,2,2,3,8,1504.056744642087,1525.9945314237068,-21.937786781619707,10.0,11.0,1.4,1.8,1.0,1.0
2026-01-04,Man City,Chelsea,1,1,D,14,8,3,3,8,2,1577.5085148067662,1519.3803093886015,58.128205418164725,13.0,6.0,2.2,1.4,0.2,1.2
2026-01-06,West Ham,Nott'm Forest,1,2,A,14,13,3,5,6,5,1429.5051299046825,1445.3001310963004,-15.795001191617985,1.0,3.0,0.8,1.0,2.4,1.6
2026-01-07,Newcastle,Leeds,4,3,H,18,14,8,6,8,4,1508.984089549295,1480.9678345803052,28.01625496898987,7.0,7.0,1.4,1.4,1.0,0.8
2026-01-07,Burnley,Man United,2,2,D,7,30,1,10,2,6,1409.6303070371312,1519.8640061087692,-110.23369907163806,2.0,6.0,0.8,1.6,1.8,1.6
2026-01-07,Man City,Brighton,1,1,D,22,6,6,3,6,2,1574.233738126191,1505.6632015088303,68.57053661736063,11.0,5.0,1.8,1.0,0.4,1.2
2026-01-07,Fulham,Chelsea,2,1,H,16,14,5,6,2,11,1502.9655878065166,1522.6550860691768,-19.68949826266021,11.0,6.0,1.6,1.6,1.0,1.4
2026-01-07,Bournemouth,Tottenham,3,2,H,11,16,3,4,3,7,1478.0922823238536,1496.5403377814403,-18.448055457586634,3.0,5.0,2.0,0.6,2.8,1.2
2026-01-07,Crystal Palace,Aston Villa,0,0,D,11,15,5,3,3,5,1491.0545325012738,1581.2348276751816,-90.18029517390778,1.0,12.0,0.4,2.2,2.2,1.8
2026-01-07,Brentford,Sunderland,3,0,H,18,11,6,3,7,4,1510.637592990023,1523.4808084935269,-12.84321550350387,11.0,7.0,2.2,0.6,0.8,0.4
2026-01-07,Everton,Wolves,1,1,D,13,13,2,4,2,7,1498.6903999877222,1387.8753838118632,110.815016175859,4.0,4.0,0.8,1.2,1.4,1.4
2026-01-08,Arsenal,Liverpool,0,0,D,9,8,4,0,3,0,1605.53903438864,1527.0856882592773,78.45334612936267,15.0,11.0,2.4,1.6,1.0,0.8
2026-01-17,Tottenham,West Ham,1,2,A,21,17,6,4,11,5,1487.7306292823841,1418.2396290632284,69.4910002191557,5.0,1.0,1.0,0.6,1.2,2.2
2026-01-17,Nott'm Forest,Arsenal,0,0,D,6,15,0,3,4,9,1456.5656319377545,1601.7523801161265,-145.186748178372,3.0,13.0,0.8,2.0,1.8,0.8
2026-01-17,Sunderland,Crystal Palace,2,1,H,13,6,7,2,3,4,1514.8298161487203,1491.9210129243452,22.908803224375106,4.0,2.0,0.4,0.4,1.0,1.6
2026-01-17,Man United,Man City,2,0,H,11,7,7,1,1,6,1518.4281554012878,1570.6933333603638,-52.26517795907603,6.0,9.0,1.2,1.4,1.2,0.6
2026-01-17,Leeds,Fulham,1,0,H,14,8,5,1,7,3,1473.4483088273716,1511.8105364967573,-38.362227669385675,6.0,11.0,1.8,1.4,1.4,0.8
2026-01-17,Chelsea,Brentford,2,0,H,6,15,2,5,3,9,1513.8101373789361,1519.2885853348296,-5.478447955893444,3.0,13.0,1.4,2.6,1.8,0.6
2026-01-17,Liverpool,Burnley,1,1,D,32,7,11,1,9,1,1530.8723425317908,1411.0661577446126,119.80618478717815,9.0,3.0,1.2,0.8,0.8,1.6
2026-01-18,Wolves,Newcastle,0,0,D,6,12,2,2,4,7,1392.43059562585,1516.5036153022286,-124.07301967637864,5.0,10.0,1.2,2.2,1.2,1.4
2026-01-18,Aston Villa,Everton,0,1,A,18,9,5,3,6,4,1580.3683472521102,1494.1351881737355,86.23315907837468,10.0,5.0,1.6,1.0,1.4,1.2
2026-01-19,Brighton,Bournemouth,1,1,D,17,11,5,2,11,6,1509.2036062746574,1486.9019908229097,22.301615451747693,6.0,5.0,1.2,1.8,1.0,2.4
2026-01-24,Bournemouth,Liverpool,3,2,H,12,14,5,4,3,11,1489.2274862819488,1526.1144763756702,-36.88699009372135,5.0,7.0,1.8,1.0,2.4,0.8
2026-01-24,Man City,Wolves,2,0,H,11,11,4,1,4,6,1560.9159226621734,1394.2541394179614,166.66178324421207,6.0,6.0,0.8,1.2,1.0,0.8
2026-01-24,Fulham,Brighton,2,1,H,12,13,4,5,6,6,1502.4325177132198,1506.8781108156184,-4.445593102398561,8.0,6.0,1.2,1.4,1.0,1.2
2026-01-24,West Ham,Sunderland,3,1,H,13,7,5,2,3,3,1431.803184367579,1522.4877962575101,-90.68461188993115,4.0,6.0,1.0,0.8,1.8,1.2
2026-01-24,Burnley,Tottenham,2,2,D,9,18,4,11,1,3,1415.8240239007332,1474.1670739780336,-58.343050077300404,3.0,5.0,0.8,1.0,1.6,1.2
2026-01-25,Brentford,Nott'm Forest,0,2,A,10,7,1,2,6,5,1510.8450860559972,1458.9695242096643,51.87556184633286,10.0,4.0,2.2,0.8,1.0,1.6
2026-01-25,Crystal Palace,Chelsea,1,3,A,13,10,7,6,4,5,1484.2630328155553,1522.2536366577685,-37.990603842213204,2.0,5.0,0.4,1.4,1.2,1.4
2026-01-25,Newcastle,Aston Villa,0,2,A,15,14,4,8,6,5,1514.6800715101172,1566.3915236893106,-51.71145217919343,10.0,7.0,1.8,1.2,1.0,1.4
2026-01-25,Arsenal,Man United,2,3,A,15,10,4,3,9,2,1599.3484878442166,1528.2055660994781,71.14292174473849,11.0,9.0,1.8,1.4,0.8,0.8
2026-01-26,Everton,Leeds,1,1,D,10,14,3,4,4,4,1508.1120117365351,1482.8263276109092,25.28568412562595,8.0,6.0,1.2,1.2,1.0,1.2
2026-01-31,Chelsea,West Ham,3,2,H,14,11,6,6,9,3,1532.8862719755643,1442.6840693907855,90.20220258477889,8.0,7.0,1.8,1.6,1.2,1.8
2026-01-31,Wolves,Bournemouth,0,2,A,17,9,7,4,5,6,1389.9868732141676,1498.5632200003035,-108.5763467861359,6.0,8.0,1.0,2.2,0.8,2.0
2026-01-31,Liverpool,Newcastle,4,1,H,17,8,7,2,7,11,1516.7787426573154,1504.4415531741981,12.3371894831173,4.0,10.0,1.0,1.8,1.2,1.2
2026-01-31,Brighton,Everton,1,1,D,11,7,2,4,5,2,1498.4636057701796,1505.7054365974043,-7.241830827224703,6.0,8.0,1.4,1.4,1.2,1.2
2026-01-31,Leeds,Arsenal,0,4,A,3,14,1,8,4,12,1485.23290275004,1585.7434947851852,-100.51059203514524,6.0,8.0,1.2,1.8,1.2,1.2
2026-02-01,Tottenham,Man City,2,2,D,12,15,6,3,3,4,1474.2147644688719,1565.1831888659672,-90.9684243970953,3.0,6.0,1.2,0.8,1.6,0.8
2026-02-01,Nott'm Forest,Crystal Palace,1,1,D,9,14,1,3,5,7,1472.0827001962612,1473.6303974977595,-1.5476973014983741,7.0,2.0,1.0,0.6,1.2,1.6
2026-02-01,Aston Villa,Brentford,0,1,A,27,6,5,2,12,1,1576.6300420252296,1497.7319100694003,78.89813195582929,7.0,7.0,1.2,1.4,1.2,1.2
2026-02-01,Man United,Fulham,3,2,H,13,14,6,6,3,7,1541.8105591585095,1510.8470227586586,30.96353639985091,9.0,8.0,1.8,1.4,1.2,1.2
2026-02-02,Sunderland,Burnley,3,0,H,14,5,5,0,1,2,1511.6069112343037,1415.776333409895,95.83057782440869,5.0,3.0,0.8,1.2,1.6,2.0
2026-02-06,Leeds,Nott'm Forest,3,1,H,14,16,5,6,5,10,1476.393635908777,1470.4160030723642,5.977632836412795,5.0,8.0,1.2,1.2,2.0,1.0
2026-02-07,Wolves,Chelsea,1,3,A,11,15,3,6,3,4,1381.3759732871927,1538.81371616242,-157.4377428752273,5.0,10.0,0.8,2.0,1.0,1.2
2026-02-07,Man United,Tottenham,2,0,H,23,7,10,1,7,0,1549.2506437505651,1475.1037543013344,74.14688944923068,11.0,3.0,2.2,1.6,1.4,2.0
2026-02-07,Arsenal,Sunderland,3,0,H,16,5,5,3,5,2,1594.5827616264482,1517.4001235527867,77.18263807366156,8.0,7.0,1.8,1.4,1.0,1.6
2026-02-07,Bournemouth,Aston Villa,1,1,D,20,7,9,4,11,4,1507.1741199272785,1562.832426748913,-55.65830682163437,10.0,7.0,2.2,1.0,1.6,0.6
2026-02-07,Burnley,West Ham,0,2,A,18,6,5,4,5,2,1409.983121091412,1436.7566252039298,-26.773504112517912,3.0,6.0,1.0,1.6,2.0,2.0
2026-02-07,Fulham,Everton,1,2,A,13,16,3,3,6,6,1503.406938166603,1507.2123739708425,-3.8054358042395506,7.0,6.0,1.6,1.2,1.6,1.4
2026-02-07,Newcastle,Brentford,2,3,A,16,11,4,5,9,3,1496.494013144375,1511.529525345717,-15.035512201342044,7.0,9.0,1.4,1.6,1.8,1.2
2026-02-08,Liverpool,Man City,1,2,A,15,17,4,7,5,4,1524.7262826871386,1564.2941990335046,-39.56791634636602,6.0,6.0,1.8,1.2,1.4,1.2
2026-02-08,Brighton,Crystal Palace,0,1,A,7,7,2,4,3,4,1496.9566683967414,1475.2970946216565,21.659573775084937,6.0,2.0,1.2,0.6,1.0,1.6
2026-02-10,Chelsea,Leeds,2,2,D,19,4,4,2,4,1,1546.080516118488,1484.5171493065186,61.563366811969445,12.0,7.0,2.4,1.6,1.2,2.0
2026-02-10,Everton,Bournemouth,1,2,A,16,11,6,4,7,2,1518.8158256956845,1507.0491624567758,11.766663238908677,9.0,11.0,1.2,2.0,0.8,1.2
2026-02-10,Tottenham,Newcastle,1,2,A,16,21,2,5,2,12,1468.7837364294874,1485.2070085194025,-16.423272089915145,2.0,4.0,1.4,1.4,2.2,2.4
2026-02-10,West Ham,Man United,1,1,D,7,9,3,3,5,3,1447.7100557807978,1555.5706616224122,-107.86060584161442,9.0,13.0,2.0,2.4,1.4,1.2
2026-02-11,Man City,Fulham,3,0,H,13,14,5,3,4,4,1574.8816046665286,1491.803486441761,83.07811822476765,8.0,6.0,1.4,1.4,1.2,1.6
2026-02-11,Nott'm Forest,Wolves,0,0,D,35,7,10,3,8,2,1462.2924896746226,1374.1091733311246,88.18331634349806,8.0,2.0,1.2,0.4,1.0,1.6
2026-02-11,Aston Villa,Brighton,1,0,H,15,9,1,3,7,5,1562.9573842194156,1484.6486605225243,78.30872369689132,5.0,3.0,0.6,0.8,0.6,1.2
2026-02-11,Crystal Palace,Burnley,2,3,A,21,8,3,3,8,2,1487.6051024958736,1399.029690514544,88.57541198132958,5.0,3.0,0.8,1.0,1.2,2.0
2026-02-11,Sunderland,Liverpool,0,1,A,11,23,2,3,3,11,1511.1554048408907,1514.1388770541146,-2.9834722132238767,6.0,5.0,1.2,1.6,2.0,1.4
2026-02-12,Brentford,Arsenal,1,1,D,12,7,3,2,6,4,1522.8165299706895,1600.8274803383442,-78.01095036765469,9.0,8.0,1.4,1.8,1.2,0.6
2026-02-18,Wolves,Arsenal,2,2,D,5,10,2,4,1,3,1378.133144159056,1600.3095473885676,-222.1764032295116,2.0,8.0,0.2,2.0,1.4,0.8
2026-02-21,Aston Villa,Leeds,1,1,D,16,14,4,4,7,2,1569.174296216759,1487.8799069629067,81.29438925385239,7.0,8.0,0.8,1.4,0.6,1.6
2026-02-21,Brentford,Brighton,0,2,A,13,11,3,7,6,4,1523.3344629204662,1478.4317485251809,44.90271439528533,7.0,2.0,1.0,0.6,1.4,1.2
2026-02-21,Chelsea,Burnley,1,1,D,12,12,2,4,9,5,1542.7177584621,1413.0631150912848,129.65464337081517,13.0,5.0,2.6,1.2,1.2,2.0
2026-02-21,West Ham,Bournemouth,0,0,D,20,10,3,5,9,5,1449.0789469295019,1519.0858878251302,-70.0069408956283,10.0,11.0,2.0,1.8,1.2,1.0
2026-02-21,Man City,Newcastle,2,1,H,15,13,7,7,5,5,1580.9815038243942,1496.4547118166859,84.52679200770831,10.0,4.0,1.8,1.0,1.0,2.0
2026-02-22,Crystal Palace,Wolves,1,0,H,14,12,3,7,7,3,1473.5716779191328,1382.4890934451416,91.08258447399112,4.0,2.0,1.2,0.6,1.8,1.8
2026-02-22,Nott'm Forest,Liverpool,0,1,A,18,10,2,4,7,2,1458.2685188466912,1525.7653697482679,-67.49685090157664,6.0,7.0,0.8,1.8,0.8,1.4
2026-02-22,Sunderland,Fulham,1,3,A,12,12,2,4,6,4,1499.5289121467374,1485.7035872838953,13.82532486284208,6.0,3.0,1.2,1.0,1.6,2.0
2026-02-22,Tottenham,Arsenal,1,4,A,6,20,5,7,2,5,1457.536033132204,1595.953598102482,-138.4175649702779,2.0,8.0,1.2,2.4,2.0,1.2
2026-02-23,Everton,Man United,0,1,A,12,11,4,3,10,1,1506.77910032733,1554.2017704737082,-47.422670146378096,8.0,13.0,1.2,2.2,1.0,1.0
2026-02-27,Wolves,Aston Villa,2,0,H,9,14,2,5,0,5,1376.5827641268172,1565.3178129794005,-188.7350488525833,2.0,8.0,0.6,1.0,1.6,0.6
2026-02-28,Bournemouth,Sunderland,1,1,D,21,8,5,4,7,3,1518.7979445322965,1487.435460820343,31.362483711953473,11.0,3.0,1.6,1.0,0.8,2.0
2026-02-28,Burnley,Brentford,3,4,A,12,16,3,7,4,8,1418.0372993310905,1510.4036454482887,-92.36634611719819,5.0,7.0,1.2,1.0,2.0,1.4
2026-02-28,Liverpool,West Ham,5,2,H,18,11,7,4,10,5,1535.549626516154,1449.3668902223355,86.18273629381838,9.0,8.0,1.8,1.6,1.2,1.0
2026-02-28,Newcastle,Everton,2,3,A,17,9,7,5,7,2,1490.3901089215028,1496.4172537241238,-6.027144802621024,3.0,5.0,1.2,1.0,2.4,1.2
2026-02-28,Leeds,Man City,0,1,A,14,14,2,5,5,3,1491.7363902002653,1587.0461067195772,-95.3097165193119,6.0,13.0,1.4,2.2,1.8,0.8
2026-03-01,Brighton,Nott'm Forest,2,1,H,14,13,7,4,4,4,1491.3625659973584,1448.4842620788052,42.87830391855323,4.0,5.0,0.8,0.8,1.0,1.0
2026-03-01,Fulham,Tottenham,2,1,H,18,13,4,1,5,8,1497.7970386102897,1449.7555110628257,48.04152754746406,6.0,2.0,1.6,1.2,2.0,2.4
2026-03-01,Man United,Crystal Palace,2,1,H,20,8,11,3,7,1,1564.5636170769144,1479.4780072374572,85.08560983945722,13.0,7.0,2.0,1.2,1.0,1.4
2026-03-01,Arsenal,Chelsea,2,1,H,12,9,5,3,5,10,1603.7341201718602,1537.7435742222942,65.99054594956601,11.0,11.0,2.8,2.4,0.8,1.4
2026-03-03,Wolves,Liverpool,2,1,H,4,19,3,7,2,11,1390.127309728602,1541.574024785813,-151.4467150572109,5.0,12.0,1.0,2.4,1.2,1.0
2026-03-03,Leeds,Sunderland,0,1,A,18,3,4,1,9,2,1482.7492009754512,1490.006103221403,-7.256902245951778,5.0,4.0,1.2,1.0,1.8,1.6
2026-03-03,Bournemouth,Brentford,0,0,D,13,5,2,2,4,3,1516.2273021312365,1519.4747526642807,-3.24745053304423,9.0,10.0,1.2,1.8,0.6,1.6
2026-03-03,Everton,Burnley,2,0,H,14,5,5,2,6,3,1507.9583405148326,1408.9661921150985,98.9921483997341,7.0,4.0,1.4,1.4,1.4,2.4
2026-03-04,Aston Villa,Chelsea,1,4,A,9,15,4,8,3,8,1551.7732673776156,1531.2188587371752,20.554408640440442,5.0,8.0,0.6,2.0,1.0,1.6
2026-03-04,Brighton,Arsenal,0,1,A,11,7,3,2,4,3,1498.4851012755635,1610.2588356569793,-111.7737343814158,7.0,11.0,1.0,2.4,0.8,1.0
2026-03-04,Fulham,West Ham,0,1,A,13,9,5,3,7,5,1504.78385927412,1443.3424919526765,61.44136732144352,6.0,5.0,1.6,1.4,2.0,1.8
2026-03-04,Man City,Nott'm Forest,2,2,D,21,9,7,4,6,1,1596.0332959443913,1441.3617268006,154.6715691437912,13.0,2.0,2.0,0.6,0.8,1.4
2026-03-04,Newcastle,Man United,2,1,H,12,14,5,5,2,4,1478.849022130794,1570.6146355085762,-91.76561337778207,3.0,13.0,1.6,1.8,2.6,0.8
2026-03-05,Tottenham,Crystal Palace,1,3,A,12,9,4,4,6,3,1442.7686903989954,1473.4269888057954,-30.658298406799986,1.0,7.0,1.0,1.2,2.4,1.2
2026-03-14,West Ham,Man City,1,1,D,1,24,1,6,1,15,1456.7021348909175,1590.5368323469856,-133.83469745606817,8.0,13.0,1.2,2.0,1.2,0.8
2026-03-14,Arsenal,Everton,2,0,H,25,9,7,3,8,3,1618.7796009162262,1513.6769470243576,105.10265389186861,11.0,9.0,2.0,1.6,1.0,1.2
2026-03-14,Chelsea,Newcastle,0,1,A,22,7,3,5,8,1,1543.4967298231802,1489.7607708897249,53.73595893345532,8.0,6.0,2.2,1.8,1.4,2.0
2026-03-14,Burnley,Bournemouth,0,0,D,15,22,2,3,5,8,1403.2475856055735,1514.6082072556892,-111.36062165011572,4.0,7.0,1.4,0.8,2.2,0.6
2026-03-14,Sunderland,Brighton,0,1,A,14,12,4,4,7,3,1501.5126166525406,1489.9643360163166,11.548280636224035,4.0,6.0,0.6,0.8,1.6,0.8
2026-03-15,Crystal Palace,Leeds,0,0,D,12,10,0,3,8,3,1484.2695088161042,1471.2426875443136,13.026821271790595,9.0,5.0,1.6,1.2,1.2,1.2
2026-03-15,Man United,Aston Villa,3,1,H,16,9,6,2,6,6,1559.7028867496454,1539.4953962916106,20.207490458034727,10.0,5.0,1.4,0.8,0.8,1.6
2026-03-15,Nott'm Forest,Fulham,0,0,D,11,5,2,0,5,4,1446.8581903980057,1491.424216335879,-44.56602593787329,2.0,6.0,0.8,1.2,1.6,1.6
2026-03-15,Liverpool,Tottenham,1,1,D,17,13,4,7,3,4,1529.00111836037,1431.9261703886866,97.07494797168329,9.0,0.0,1.8,0.8,1.2,2.6
2026-03-16,Brentford,Wolves,2,2,D,10,13,3,4,1,5,1521.093847539828,1402.7002161540452,118.39363138578278,8.0,8.0,1.6,1.2,1.6,0.8
2026-03-20,Bournemouth,Man United,2,2,D,16,14,5,5,6,8,1513.1406047188614,1567.4344848252108,-54.293880106349434,7.0,10.0,0.6,1.6,0.4,1.0
2026-03-21,Leeds,Brentford,0,0,D,14,6,4,2,6,2,1473.314152779567,1516.3674951825183,-43.05334240295133,3.0,6.0,0.6,1.4,1.0,1.6
2026-03-21,Brighton,Liverpool,2,1,H,16,12,7,5,4,8,1501.9950357981174,1524.764897653191,-22.769861855073486,9.0,10.0,1.0,1.8,0.6,1.0
2026-03-21,Fulham,Burnley,3,1,H,22,9,6,5,6,6,1491.8681498428473,1404.7151881424013,87.15296170044599,7.0,5.0,1.0,1.4,1.2,1.8
2026-03-21,Everton,Chelsea,3,0,H,10,12,9,4,3,9,1508.100888559768,1530.335277898854,-22.234389339085965,6.0,5.0,1.2,1.6,1.4,1.4
2026-03-22,Tottenham,Nott'm Forest,0,3,A,14,8,3,7,13,3,1436.1623910958656,1446.4142568910374,-10.251865795171852,1.0,3.0,1.0,0.6,2.4,1.0
2026-03-22,Newcastle,Sunderland,1,2,A,16,17,4,7,9,5,1502.922222814051,1489.4819168707397,13.440305943311387,9.0,4.0,1.6,0.6,1.4,1.2
2026-03-22,Aston Villa,West Ham,2,0,H,23,9,7,1,6,6,1531.7637982160452,1458.7958441582218,72.96795405782336,4.0,6.0,0.8,1.0,2.0,1.4
2026-04-10,West Ham,Wolves,4,0,H,18,14,7,3,5,2,1452.4464524601651,1407.4265685113548,45.019883948810275,5.0,8.0,0.8,1.6,1.6,1.2
2026-04-11,Arsenal,Bournemouth,1,2,A,15,8,3,3,10,1,1624.3556593808157,1512.9763841512265,111.37927522958921,13.0,5.0,2.2,0.6,0.8,0.6
2026-04-11,Brentford,Everton,2,2,D,17,14,4,7,2,3,1516.8548727455775,1517.0181677734083,-0.16329502783082717,6.0,9.0,1.2,1.6,1.4,1.0
2026-04-11,Burnley,Brighton,0,2,A,10,13,5,6,8,2,1398.7142753571197,1510.9275490056382,-112.21327364851845,2.0,12.0,1.0,1.4,2.0,0.6
2026-04-11,Liverpool,Fulham,2,0,H,18,19,5,4,6,9,1515.8323844456702,1497.8690626281289,17.963321817541328,7.0,10.0,1.8,1.6,1.4,0.8
2026-04-12,Chelsea,Man City,0,3,A,12,18,3,8,4,12,1521.4179986852137,1588.4431230796813,-67.02512439446764,4.0,11.0,1.2,1.8,1.6,0.8
2026-04-12,Crystal Palace,Newcastle,2,1,H,11,7,5,3,2,4,1482.198043580851,1490.839370016075,-8.641326435224073,7.0,6.0,1.4,1.4,1.2,1.6
2026-04-12,Nott'm Forest,Aston Villa,1,1,D,15,12,4,5,7,3,1457.836417311928,1538.113189914102,-80.27677260217388,5.0,4.0,1.2,1.0,1.0,2.0
2026-04-12,Sunderland,Tottenham,1,0,H,13,11,2,7,2,6,1501.5647696687158,1424.740230674975,76.82453899374082,7.0,1.0,1.0,0.8,1.2,2.6
2026-04-13,Man United,Leeds,1,2,A,20,15,9,6,11,4,1567.5987053928457,1472.8267752165077,94.77193017633795,10.0,3.0,1.8,0.2,1.2,0.6
2026-04-18,Brentford,Fulham,0,0,D,13,11,4,0,9,3,1515.149462118528,1490.0761068332547,25.073355285273237,7.0,7.0,1.6,1.0,1.4,1.0
2026-04-18,Leeds,Wolves,3,0,H,17,7,6,2,5,6,1487.0084528135485,1400.3604684099198,86.6479844036287,5.0,7.0,0.4,1.2,0.6,1.6
2026-04-18,Newcastle,Bournemouth,1,2,A,12,12,3,3,2,3,1482.3069176901308,1527.5444571863184,-45.23753949618754,6.0,7.0,1.4,1.0,1.6,0.8
2026-04-18,Tottenham,Brighton,2,2,D,13,10,6,3,7,5,1418.486655114139,1519.4359424497334,-100.94928733559436,1.0,12.0,0.6,1.4,2.0,0.6
2026-04-18,Chelsea,Man United,0,1,A,21,4,3,1,7,1,1511.6201704674488,1553.4170277958049,-41.796857328356054,3.0,7.0,1.0,1.8,2.0,1.6
2026-04-19,Aston Villa,Sunderland,4,3,H,15,10,7,7,4,5,1537.5302391848998,1507.8183452295518,29.711893955347932,4.0,10.0,1.0,1.0,2.0,0.6
2026-04-19,Everton,Liverpool,1,2,A,10,14,4,6,1,6,1518.7235784004579,1523.6253402405443,-4.901761840086465,10.0,7.0,2.0,2.0,1.2,1.4
2026-04-19,Nott'm Forest,Burnley,4,1,H,10,4,4,3,4,4,1458.4193680411302,1390.2058819130245,68.21348612810561,6.0,1.0,1.4,0.8,1.0,2.2
2026-04-19,Man City,Arsenal,2,1,H,15,9,5,3,8,5,1598.2409512974461,1609.7875863457239,-11.546635048277722,11.0,12.0,1.8,2.0,0.8,0.8
2026-04-20,Crystal Palace,West Ham,0,0,D,9,9,1,4,4,6,1490.730495906795,1459.5125525616002,31.217943345194954,10.0,7.0,1.4,1.6,0.8,1.6
2026-04-21,Brighton,Chelsea,3,0,H,15,6,9,0,6,5,1518.262754576515,1501.096720776258,17.166033800256855,10.0,3.0,1.4,0.8,0.8,1.8
2026-04-22,Burnley,Man City,0,1,A,9,28,1,9,3,11,1383.7372948056236,1606.8553227946563,-223.11802798903273,1.0,11.0,0.4,1.8,2.2,0.8
2026-04-22,Bournemouth,Leeds,2,2,D,17,10,7,3,12,1,1537.9690994386826,1493.021582661101,44.94751677758154,9.0,8.0,1.2,1.0,0.8,0.4
2026-04-24,Sunderland,Nott'm Forest,0,5,A,14,10,4,6,3,6,1500.344565332774,1464.887955148531,35.45661018424289,9.0,9.0,1.4,2.0,1.2,0.8
2026-04-25,Fulham,Aston Villa,1,0,H,13,10,6,1,2,5,1492.4769237541132,1545.0040190816776,-52.52709532756444,5.0,7.0,0.6,1.8,0.8,2.2
2026-04-25,Liverpool,Crystal Palace,3,1,H,9,14,3,7,5,8,1535.198032996671,1488.1637392123946,47.034293784276315,7.0,8.0,1.4,1.2,1.2,0.8
2026-04-25,West Ham,Everton,2,1,H,10,11,3,3,3,4,1462.0793092560007,1507.1508856443313,-45.07157638833064,8.0,7.0,1.2,1.6,0.6,1.2
2026-04-25,Wolves,Tottenham,0,1,A,11,11,2,2,5,5,1394.3473385623672,1419.6598429873575,-25.312504424990266,7.0,2.0,1.2,0.8,2.0,2.0
2026-04-25,Arsenal,Newcastle,1,0,H,11,13,4,3,7,2,1601.1732148485137,1471.8822754377666,129.29093941074711,9.0,6.0,1.4,1.2,1.0,1.4
2026-04-27,Man United,Brentford,2,1,H,11,12,6,4,7,8,1563.9404774869956,1512.7486451976695,51.19183228932616,7.0,5.0,1.6,0.8,1.4,0.8
2026-05-01,Leeds,Burnley,3,1,H,18,9,8,3,5,0,1495.9535788394855,1378.115177843559,117.83840099592658,9.0,1.0,1.4,0.4,0.6,2.0
2026-05-02,Wolves,Sunderland,1,1,D,20,10,7,2,6,3,1383.3522562347403,1487.6642089258655,-104.31195269112527,4.0,6.0,0.8,1.2,2.2,2.2
2026-05-02,Arsenal,Fulham,3,0,H,18,10,9,1,3,4,1606.206912846075,1502.2618694300986,103.94504341597644,9.0,8.0,1.2,0.8,0.8,0.6
2026-05-02,Brentford,West Ham,3,0,H,14,13,6,4,2,6,1505.8440382868623,1471.6498989120694,34.19413937479294,4.0,8.0,1.0,1.4,1.2,0.8
2026-05-02,Newcastle,Brighton,3,1,H,13,13,6,4,2,10,1466.8485774402052,1526.077551391459,-59.22897395125392,3.0,13.0,0.8,2.0,1.4,0.6
2026-05-03,Bournemouth,Crystal Palace,3,0,H,16,7,5,1,7,1,1535.0371032602982,1481.1505371808173,53.88656607948087,9.0,8.0,1.6,1.2,1.2,1.0
2026-05-03,Man United,Liverpool,3,2,H,18,13,6,5,3,2,1570.8450843978028,1542.2112350282482,28.633849369554582,10.0,10.0,1.8,1.8,1.2,1.0
2026-05-03,Aston Villa,Tottenham,1,2,A,5,10,1,5,5,5,1535.2190734056921,1430.6549253149844,104.5641480907077,7.0,5.0,1.6,0.8,1.6,1.4
2026-05-04,Chelsea,Nott'm Forest,1,3,A,21,6,5,4,10,1,1493.2819239613139,1477.5683115554395,15.7136124058743,0.0,11.0,0.0,2.6,2.2,0.4
2026-05-04,Everton,Man City,3,3,D,14,21,6,4,5,9,1497.5802959882626,1612.477439756721,-114.89714376845836,4.0,11.0,1.4,1.8,1.6,0.8
2026-05-09,Liverpool,Chelsea,1,1,D,8,6,3,3,5,2,1534.708384000502,1481.1365647994294,53.571819201072685,9.0,0.0,2.0,0.2,1.4,2.6
2026-05-09,Brighton,Wolves,3,0,H,14,5,6,1,7,1,1516.0997432686058,1384.6207860382758,131.47895723033002,10.0,2.0,2.0,0.6,1.2,2.2
2026-05-09,Fulham,Bournemouth,0,1,A,14,10,2,5,11,2,1496.658973689359,1541.8717503045689,-45.212776615209805,7.0,11.0,0.8,2.2,1.2,1.2
2026-05-09,Man City,Brentford,3,0,H,25,4,10,2,10,2,1610.9103923184118,1513.1974408912704,97.71295142714143,11.0,6.0,2.0,1.2,1.0,0.8
2026-05-09,Sunderland,Man United,0,0,D,15,11,4,1,7,8,1486.39567912233,1578.347935425549,-91.95225630321897,7.0,10.0,1.4,1.8,2.2,1.4
2026-05-10,Nott'm Forest,Newcastle,1,1,D,17,16,6,6,2,1,1489.713670717324,1476.8263855630585,12.887285154265555,13.0,3.0,3.2,1.2,0.6,1.6
2026-05-10,West Ham,Arsenal,0,1,A,9,15,3,4,4,3,1464.2964963076613,1611.8098085868146,-147.5133122791533,7.0,9.0,1.2,1.6,1.2,0.8
2026-05-10,Crystal Palace,Everton,2,2,D,21,13,8,6,5,10,1474.3158901365466,1499.1473434265718,-24.831453290025138,5.0,5.0,0.6,2.0,1.4,1.8
2026-05-10,Burnley,Aston Villa,2,2,D,15,18,6,7,2,8,1372.8291098745003,1520.8076064207346,-147.97849654623428,0.0,7.0,0.6,1.6,2.6,1.4
2026-05-11,Tottenham,Leeds,1,1,D,16,11,3,4,14,2,1445.066392299942,1501.2396468085442,-56.17325450860221,7.0,11.0,1.0,2.0,1.4,0.8
2026-05-13,Man City,Crystal Palace,3,0,H,15,6,4,2,9,4,1616.6591155077701,1473.3071010407145,143.3520144670556,13.0,5.0,2.4,1.0,0.8,1.8
2026-05-15,Aston Villa,Liverpool,4,2,H,14,16,9,5,4,9,1518.3281521093643,1531.5511848468682,-13.2230327375039,5.0,10.0,1.6,2.0,1.8,1.2
2026-05-17,Wolves,Fulham,1,1,D,11,13,3,5,3,6,1379.6343831592715,1486.2336199913493,-106.59923683207785,1.0,4.0,0.2,0.2,2.4,1.2
2026-05-17,Man United,Nott'm Forest,3,2,H,29,11,8,4,7,6,1577.4308595696248,1487.6460496412983,89.78480992832647,10.0,11.0,1.4,2.8,1.0,0.8
2026-05-17,Brentford,Crystal Palace,2,2,D,14,16,3,5,9,4,1507.448717701912,1468.5721277599894,38.8765899419227,5.0,2.0,1.2,0.6,1.4,2.2
2026-05-17,Everton,Sunderland,1,3,A,10,7,4,3,3,2,1500.1561325224038,1487.3127549782541,12.84337754414969,3.0,5.0,1.8,1.0,2.2,2.0
2026-05-17,Leeds,Brighton,1,0,H,7,19,1,8,7,8,1501.3497849438577,1521.0861461476102,-19.736361203752494,11.0,10.0,2.2,2.2,1.0,1.0
2026-05-17,Newcastle,West Ham,3,1,H,15,15,7,8,9,1,1478.8940066390842,1456.7633804936695,22.13062614541468,4.0,7.0,1.2,1.2,1.4,1.0
2026-05-18,Arsenal,Burnley,1,0,H,13,5,3,0,3,3,1619.3429244008064,1375.3085641858706,244.03436021493576,9.0,1.0,1.4,0.8,0.8,2.4
2026-05-19,Bournemouth,Man City,1,1,D,10,14,2,5,7,6,1552.2971040025786,1621.3940887884953,-69.09698478591667,13.0,13.0,2.0,2.4,0.8,0.8
2026-05-19,Chelsea,Tottenham,2,1,H,9,9,4,3,3,4,1484.2937639530633,1444.9562541646285,39.33750978843477,1.0,8.0,0.4,1.2,2.2,1.0
2026-05-24,Nott'm Forest,Bournemouth,1,1,D,15,17,5,4,6,3,1481.708579556406,1552.5588764544425,-70.8502968980365,10.0,11.0,3.0,1.8,1.2,0.8
2026-05-24,Man City,Aston Villa,1,2,A,16,12,3,5,9,4,1621.1323163366314,1526.9898791084931,94.1424372281383,11.0,7.0,2.2,2.2,0.8,2.0
2026-05-24,Sunderland,Chelsea,2,1,H,20,10,2,1,7,7,1499.3791662866395,1491.5100450079653,7.869121278674129,5.0,4.0,1.4,0.8,2.2,1.8
2026-05-24,Liverpool,Brentford,1,1,D,24,11,8,2,14,2,1522.8894578477393,1504.6772415897267,18.21221625801263,7.0,5.0,2.0,1.2,2.0,1.4
2026-05-24,Tottenham,Everton,1,0,H,21,8,6,3,6,2,1437.7399731097264,1488.0897212140185,-50.349748104292075,8.0,2.0,1.4,1.6,1.2,2.4
2026-05-24,Crystal Palace,Arsenal,1,2,A,8,17,3,7,3,4,1471.3436038721748,1622.3034585557748,-150.95985468360004,2.0,12.0,1.0,1.4,2.6,0.4
2026-05-24,Burnley,Wolves,1,1,D,16,16,8,4,7,7,1372.3480300309022,1380.9676319408122,-8.619601909909989,1.0,2.0,0.8,0.4,2.2,1.8
2026-05-24,Brighton,Man United,0,3,A,13,11,2,7,0,3,1512.23986660802,1583.368329654517,-71.12846304649702,7.0,13.0,1.8,1.8,1.2,1.0
2026-05-24,Fulham,Newcastle,2,0,H,21,7,6,2,6,6,1484.9003712098086,1486.5731670308787,-1.6727958210701672,5.0,7.0,0.4,1.6,1.0,1.2
2026-05-24,West Ham,Leeds,3,0,H,16,13,9,3,6,4,1449.084220101875,1510.1960644834478,-61.11184438157284,4.0,11.0,0.6,2.0,1.6,0.8
